edad,antiguedad_meses,uso_diario_min,plan,pais,atencion_llamadas,churn
56,29,112.0,basico,Peru,1,0
69,44,81.0,basico,Mexico,1,0
46,53,115.0,premium,Colombia,1,0
32,24,123.0,basico,Chile,0,0
60,58,111.0,estandar,Argentina,1,0
25,3,94.0,basico,Argentina,2,1
38,20,127.0,premium,Chile,0,0
56,46,138.0,basico,Colombia,1,0
36,15,76.0,estandar,Peru,2,0
40,25,176.0,basico,Mexico,1,0
28,30,116.0,estandar,Argentina,2,0
28,14,121.0,basico,Mexico,0,0
41,7,148.0,basico,Peru,2,0
53,17,129.0,premium,Argentina,3,0
57,44,158.0,premium,Mexico,2,0
41,20,131.0,premium,Peru,3,0
20,36,96.0,estandar,Mexico,3,0
39,9,134.0,premium,Colombia,3,0
19,38,74.0,basico,Peru,2,1
41,48,124.0,basico,Mexico,1,0
61,57,119.0,basico,Colombia,0,0
47,22,112.0,estandar,Colombia,0,0
55,54,115.0,basico,Peru,1,0
19,53,45.0,basico,Chile,0,1
38,53,98.0,estandar,Argentina,2,0
50,2,124.0,premium,Peru,3,0
29,24,126.0,basico,Colombia,2,0
39,8,79.0,basico,Colombia,2,1
61,11,171.0,basico,Peru,1,0
42,13,85.0,basico,Chile,0,0
66,17,159.0,basico,Argentina,1,0
44,8,137.0,estandar,Mexico,2,0
59,21,94.0,estandar,Peru,3,0
45,18,191.0,estandar,Argentina,1,0
33,30,72.0,basico,Argentina,1,1
32,18,157.0,premium,Colombia,1,0
64,46,160.0,basico,Mexico,1,0
68,47,93.0,estandar,Peru,2,0
61,31,176.0,premium,Colombia,0,0
69,38,110.0,basico,Colombia,3,0
20,32,132.0,basico,Chile,2,0
54,11,130.0,premium,Argentina,2,0
68,45,115.0,basico,Peru,1,0
24,25,152.0,estandar,Peru,2,0
38,33,152.0,basico,Peru,3,0
26,38,50.0,estandar,Colombia,1,0
56,41,172.0,basico,Chile,3,0
35,8,54.0,basico,Mexico,0,1
21,11,161.0,estandar,Colombia,3,0
42,22,165.0,basico,Mexico,3,0
31,51,76.0,basico,Chile,2,1
67,24,104.0,basico,Argentina,1,0
26,41,76.0,basico,Peru,1,1
43,17,111.0,basico,Mexico,2,0
19,12,108.0,basico,Colombia,1,0
37,57,151.0,premium,Mexico,3,0
45,46,172.0,basico,Argentina,4,1
64,32,176.0,estandar,Peru,3,0
24,15,98.0,basico,Mexico,1,0
61,16,112.0,basico,Argentina,1,0
25,54,53.0,premium,Colombia,1,0
64,22,88.0,basico,Chile,1,0
52,28,159.0,premium,Colombia,1,0
31,20,185.0,basico,Peru,1,0
34,33,71.0,estandar,Colombia,1,0
53,10,96.0,estandar,Colombia,1,0
67,40,119.0,premium,Colombia,4,0
57,32,131.0,estandar,Colombia,0,0
21,50,88.0,estandar,Peru,3,0
19,33,137.0,basico,Argentina,1,0
23,2,101.0,basico,Mexico,2,1
59,33,119.0,premium,Chile,2,0
21,33,142.0,basico,Mexico,1,0
46,41,120.0,basico,Mexico,1,0
35,13,103.0,estandar,Chile,3,0
43,30,116.0,basico,Peru,1,0
61,33,116.0,premium,Chile,1,0
51,13,105.0,estandar,Peru,1,0
27,52,110.0,estandar,Mexico,0,0
53,26,184.0,premium,Peru,0,0
31,22,142.0,basico,Argentina,1,0
48,39,108.0,basico,Chile,2,0
65,2,148.0,estandar,Argentina,1,0
32,38,107.0,basico,Mexico,2,0
25,39,167.0,estandar,Chile,1,0
31,26,135.0,premium,Mexico,0,0
40,46,116.0,estandar,Argentina,1,0
57,58,138.0,basico,Mexico,3,0
38,50,57.0,premium,Chile,2,0
33,15,75.0,estandar,Chile,1,0
62,34,72.0,estandar,Mexico,2,0
35,42,126.0,basico,Chile,0,0
64,55,189.0,premium,Chile,1,0
41,44,209.0,estandar,Mexico,0,0
43,49,146.0,estandar,Argentina,1,0
42,40,140.0,premium,Chile,1,0
62,11,48.0,basico,Chile,2,1
58,3,98.0,estandar,Chile,0,0
46,59,88.0,premium,Chile,2,0
32,6,95.0,basico,Mexico,0,0
62,9,113.0,estandar,Argentina,2,0
18,6,101.0,premium,Argentina,1,0
42,9,41.0,estandar,Peru,1,0
24,39,150.0,estandar,Chile,1,0
26,31,77.0,premium,Chile,1,0
41,32,130.0,premium,Peru,0,0
18,41,203.0,basico,Argentina,1,0
61,50,83.0,basico,Colombia,2,0
25,12,19.0,estandar,Colombia,0,0
41,8,109.0,estandar,Argentina,1,0
28,8,164.0,estandar,Chile,1,0
68,50,198.0,estandar,Colombia,1,0
34,28,71.0,basico,Mexico,0,1
25,20,140.0,estandar,Mexico,0,0
52,47,101.0,basico,Peru,0,0
52,59,116.0,estandar,Argentina,2,0
50,7,226.0,estandar,Argentina,0,0
22,11,60.0,basico,Colombia,3,1
59,20,130.0,basico,Chile,3,0
56,16,139.0,estandar,Argentina,1,0
58,4,163.0,estandar,Colombia,1,0
45,6,124.0,basico,Colombia,2,0
24,58,132.0,premium,Argentina,2,0
26,22,104.0,estandar,Colombia,3,0
25,26,131.0,premium,Peru,3,0
29,3,106.0,estandar,Peru,2,0
51,41,145.0,estandar,Argentina,3,0
50,42,105.0,premium,Chile,0,0
65,14,135.0,estandar,Peru,1,0
40,11,119.0,estandar,Peru,0,0
41,18,165.0,basico,Argentina,1,0
54,54,118.0,estandar,Mexico,1,0
52,12,49.0,basico,Colombia,2,1
61,23,170.0,basico,Peru,0,0
57,12,84.0,basico,Mexico,2,0
39,13,94.0,basico,Chile,1,0
44,25,96.0,premium,Mexico,2,0
52,45,175.0,basico,Argentina,0,0
18,51,35.0,estandar,Chile,0,0
52,58,246.0,premium,Chile,0,0
54,19,162.0,estandar,Mexico,1,0
64,55,129.0,basico,Argentina,1,0
31,46,118.0,estandar,Peru,2,0
20,36,131.0,estandar,Mexico,1,0
18,45,141.0,estandar,Peru,1,0
22,8,146.0,estandar,Mexico,3,0
43,29,142.0,premium,Peru,2,0
31,55,124.0,estandar,Mexico,1,0
56,53,112.0,basico,Chile,1,0
44,55,114.0,estandar,Colombia,2,0
26,32,112.0,basico,Chile,0,0
32,51,165.0,premium,Peru,2,0
32,44,144.0,basico,Argentina,1,0
43,18,10.0,basico,Chile,2,1
59,6,146.0,premium,Colombia,2,0
30,18,128.0,estandar,Peru,1,0
68,19,119.0,basico,Chile,2,0
49,22,104.0,estandar,Mexico,0,0
56,37,165.0,premium,Argentina,2,0
66,32,158.0,basico,Peru,0,0
69,56,89.0,premium,Chile,1,0
49,41,136.0,basico,Peru,2,0
21,59,81.0,estandar,Mexico,4,0
47,3,65.0,premium,Colombia,1,1
54,28,95.0,basico,Chile,0,0
40,10,154.0,estandar,Peru,0,0
56,51,158.0,basico,Peru,2,0
62,35,141.0,estandar,Peru,3,0
32,29,149.0,estandar,Colombia,1,0
60,54,141.0,estandar,Peru,0,0
46,15,94.0,basico,Argentina,1,0
53,33,137.0,basico,Argentina,0,0
30,7,152.0,basico,Peru,2,0
49,12,150.0,basico,Argentina,1,0
24,49,168.0,estandar,Chile,1,0
68,30,148.0,premium,Argentina,2,0
39,21,134.0,estandar,Peru,1,0
45,31,163.0,estandar,Mexico,3,0
19,58,119.0,premium,Chile,2,0
59,24,85.0,estandar,Colombia,1,0
62,20,113.0,premium,Peru,3,0
23,37,90.0,estandar,Colombia,0,0
45,4,93.0,basico,Mexico,2,1
45,28,114.0,basico,Colombia,2,0
61,44,88.0,estandar,Peru,0,0
61,20,108.0,basico,Peru,0,0
37,24,44.0,basico,Mexico,2,1
47,50,129.0,estandar,Peru,3,0
28,49,120.0,estandar,Mexico,2,0
45,51,87.0,estandar,Mexico,2,0
42,32,146.0,basico,Peru,0,0
56,41,158.0,basico,Argentina,1,0
50,36,56.0,estandar,Mexico,1,0
18,58,89.0,premium,Peru,0,0
44,53,89.0,estandar,Argentina,1,0
69,34,82.0,premium,Mexico,0,0
30,36,153.0,estandar,Argentina,2,0
58,2,112.0,estandar,Chile,2,0
20,15,109.0,basico,Chile,2,0
56,34,40.0,estandar,Argentina,0,0
23,36,145.0,estandar,Mexico,2,0
25,6,70.0,estandar,Peru,1,0
44,39,122.0,estandar,Colombia,0,0
26,42,131.0,estandar,Peru,1,0
54,51,174.0,basico,Colombia,0,0
50,51,68.0,estandar,Colombia,4,1
68,58,10.0,basico,Mexico,3,1
59,54,127.0,premium,Argentina,5,0
61,12,192.0,basico,Peru,0,0
41,3,170.0,basico,Argentina,2,1
32,45,128.0,estandar,Chile,2,0
49,18,100.0,estandar,Mexico,0,0
49,40,152.0,estandar,Mexico,2,0
41,21,81.0,basico,Chile,2,0
58,15,139.0,estandar,Peru,0,0
69,33,140.0,basico,Chile,2,0
66,35,162.0,premium,Peru,0,0
66,26,230.0,premium,Colombia,3,0
69,8,136.0,estandar,Mexico,2,0
29,36,100.0,basico,Peru,1,0
56,48,119.0,estandar,Argentina,3,0
19,30,49.0,basico,Argentina,2,1
20,23,92.0,estandar,Mexico,1,0
66,42,104.0,basico,Chile,1,0
54,44,99.0,premium,Chile,1,0
66,14,126.0,basico,Peru,1,0
34,14,87.0,estandar,Chile,3,0
66,2,165.0,estandar,Mexico,2,0
19,55,120.0,estandar,Peru,2,0
19,37,120.0,basico,Colombia,2,0
45,5,107.0,premium,Chile,0,0
40,38,126.0,estandar,Chile,1,0
54,45,153.0,estandar,Peru,0,0
49,41,85.0,basico,Argentina,2,0
50,54,94.0,estandar,Chile,2,0
18,47,108.0,estandar,Mexico,3,0
36,14,66.0,basico,Chile,0,1
19,56,87.0,basico,Colombia,3,0
61,39,101.0,premium,Chile,1,0
43,25,155.0,basico,Argentina,0,0
49,20,131.0,basico,Chile,1,0
23,2,128.0,estandar,Peru,1,0
49,39,154.0,estandar,Chile,0,0
21,6,115.0,basico,Argentina,1,0
28,17,136.0,estandar,Peru,4,0
34,59,116.0,basico,Mexico,1,0
55,25,131.0,basico,Peru,1,0
41,57,97.0,basico,Colombia,2,0
22,28,22.0,premium,Peru,1,0
69,2,115.0,basico,Mexico,0,1
51,35,177.0,basico,Chile,1,0
23,37,157.0,estandar,Peru,0,0
39,5,159.0,premium,Peru,1,0
28,1,169.0,basico,Peru,1,1
65,40,124.0,estandar,Peru,2,0
33,12,128.0,basico,Mexico,1,0
50,56,95.0,estandar,Argentina,1,0
26,36,107.0,estandar,Argentina,2,0
23,45,145.0,estandar,Peru,2,0
33,23,168.0,basico,Mexico,2,0
46,47,114.0,basico,Mexico,2,0
20,31,102.0,basico,Peru,0,0
37,11,120.0,basico,Colombia,2,0
53,10,144.0,basico,Peru,1,0
36,3,62.0,estandar,Colombia,2,1
43,54,28.0,premium,Peru,3,0
20,14,98.0,premium,Colombia,1,0
36,16,71.0,premium,Colombia,2,0
37,10,100.0,estandar,Peru,0,0
49,29,114.0,estandar,Colombia,0,0
24,10,102.0,basico,Chile,4,1
69,12,178.0,estandar,Argentina,1,0
58,30,133.0,estandar,Mexico,1,0
50,41,132.0,estandar,Colombia,0,0
57,1,145.0,estandar,Colombia,3,0
56,5,74.0,basico,Mexico,2,1
35,20,162.0,basico,Colombia,2,0
57,8,117.0,premium,Mexico,1,0
18,43,147.0,basico,Peru,2,0
28,12,77.0,estandar,Chile,0,0
45,1,58.0,premium,Chile,2,1
42,57,153.0,estandar,Argentina,2,0
67,54,135.0,estandar,Colombia,2,0
40,20,84.0,basico,Argentina,2,0
48,28,85.0,basico,Peru,2,0
47,57,165.0,premium,Chile,2,0
59,43,72.0,estandar,Peru,0,0
52,37,186.0,estandar,Peru,1,0
24,47,84.0,basico,Colombia,1,0
33,37,146.0,basico,Peru,3,0
43,12,107.0,premium,Chile,1,0
65,37,144.0,basico,Argentina,5,1
69,49,98.0,estandar,Chile,3,0
66,49,113.0,basico,Colombia,3,0
19,56,122.0,estandar,Chile,2,0
18,44,80.0,premium,Mexico,1,0
65,56,150.0,estandar,Argentina,3,0
29,28,99.0,basico,Mexico,2,0
22,47,111.0,estandar,Mexico,0,0
54,15,80.0,estandar,Colombia,3,0
49,6,18.0,estandar,Peru,1,0
26,44,112.0,premium,Mexico,1,0
58,59,217.0,estandar,Chile,2,0
52,20,151.0,premium,Peru,1,0
36,50,119.0,estandar,Chile,0,0
65,14,109.0,basico,Chile,3,0
33,2,121.0,basico,Peru,3,1
20,9,142.0,basico,Peru,3,0
37,37,73.0,premium,Chile,1,0
41,20,165.0,estandar,Colombia,2,0
50,26,149.0,estandar,Argentina,0,0
41,29,149.0,basico,Argentina,1,0
69,1,138.0,basico,Colombia,1,1
28,55,121.0,estandar,Peru,1,0
66,35,147.0,estandar,Chile,1,0
25,6,144.0,basico,Argentina,0,0
53,37,106.0,estandar,Chile,4,0
55,53,97.0,basico,Colombia,3,0
57,59,124.0,basico,Chile,3,0
37,5,182.0,estandar,Colombia,5,1
52,33,70.0,basico,Peru,3,1
65,49,61.0,premium,Colombia,3,0
42,51,127.0,basico,Colombia,2,0
52,14,122.0,basico,Argentina,1,0
42,12,127.0,basico,Chile,1,0
46,42,130.0,estandar,Argentina,2,0
35,20,111.0,estandar,Mexico,0,0
63,53,180.0,estandar,Colombia,2,0
35,50,56.0,basico,Mexico,4,1
19,24,87.0,basico,Argentina,2,0
52,59,116.0,estandar,Chile,3,0
33,43,54.0,premium,Argentina,0,0
58,34,113.0,premium,Chile,0,0
53,25,186.0,basico,Chile,2,0
50,50,121.0,estandar,Peru,3,0
21,29,129.0,premium,Colombia,2,0
50,57,70.0,basico,Argentina,0,1
31,39,95.0,premium,Chile,1,0
38,31,105.0,basico,Argentina,1,0
65,56,107.0,premium,Argentina,2,0
37,47,171.0,estandar,Chile,1,0
25,43,142.0,premium,Mexico,1,0
24,50,76.0,estandar,Colombia,2,0
20,23,130.0,basico,Colombia,2,0
34,44,140.0,premium,Peru,1,0
50,38,166.0,basico,Peru,0,0
65,20,183.0,basico,Peru,1,0
29,23,79.0,estandar,Colombia,2,0
68,45,88.0,estandar,Mexico,2,0
39,52,70.0,premium,Colombia,1,0
39,16,111.0,basico,Colombia,0,0
63,50,139.0,estandar,Colombia,3,0
47,42,159.0,estandar,Colombia,4,0
55,55,117.0,basico,Mexico,0,0
55,8,107.0,basico,Peru,2,0
62,50,126.0,basico,Argentina,6,1
68,21,87.0,basico,Peru,1,0
25,1,204.0,premium,Peru,3,0
44,55,56.0,estandar,Argentina,1,0
44,8,127.0,estandar,Colombia,0,0
51,29,201.0,premium,Mexico,1,0
38,32,120.0,basico,Mexico,2,0
47,38,112.0,premium,Peru,1,0
50,5,106.0,estandar,Argentina,2,0
45,47,113.0,premium,Chile,1,0
64,22,175.0,basico,Colombia,3,0
50,47,32.0,premium,Peru,2,0
22,34,181.0,basico,Mexico,2,0
65,1,63.0,basico,Argentina,3,1
36,55,109.0,estandar,Argentina,0,0
21,55,103.0,basico,Peru,2,0
52,26,144.0,estandar,Chile,2,0
66,43,56.0,estandar,Mexico,2,0
34,10,138.0,estandar,Peru,5,0
61,30,201.0,basico,Chile,2,0
45,50,65.0,basico,Argentina,0,1
47,18,128.0,basico,Colombia,2,0
46,17,94.0,estandar,Mexico,4,0
63,26,137.0,basico,Mexico,0,0
23,8,121.0,basico,Chile,1,0
52,47,94.0,basico,Peru,3,0
58,40,140.0,basico,Argentina,1,0
54,49,192.0,estandar,Chile,0,0
41,12,112.0,premium,Colombia,1,0
46,27,149.0,basico,Colombia,1,0
66,8,68.0,estandar,Colombia,2,0
63,25,82.0,estandar,Chile,0,0
48,46,139.0,estandar,Argentina,1,0
52,4,179.0,estandar,Mexico,1,0
50,33,134.0,estandar,Peru,2,0
69,1,107.0,estandar,Mexico,4,1
38,19,120.0,basico,Argentina,2,0
49,31,70.0,estandar,Mexico,0,0
40,16,144.0,estandar,Chile,2,0
50,14,155.0,basico,Colombia,1,0
20,53,102.0,basico,Argentina,1,0
35,48,101.0,premium,Argentina,0,0
42,5,131.0,estandar,Mexico,1,0
59,41,103.0,estandar,Chile,1,0
48,26,117.0,premium,Mexico,1,0
20,28,204.0,estandar,Mexico,2,0
57,2,110.0,estandar,Argentina,1,0
63,50,106.0,estandar,Mexico,1,0
41,6,94.0,premium,Colombia,3,0
67,9,150.0,estandar,Mexico,2,0
49,33,113.0,estandar,Colombia,1,0
64,41,94.0,basico,Argentina,4,1
39,25,173.0,premium,Chile,1,0
40,48,177.0,estandar,Colombia,1,0
19,13,96.0,basico,Chile,1,0
44,9,45.0,premium,Chile,0,0
59,53,160.0,estandar,Colombia,1,0
19,13,93.0,basico,Argentina,0,0
43,31,152.0,estandar,Peru,1,0
34,41,41.0,estandar,Chile,1,0
57,11,156.0,premium,Chile,3,0
50,4,72.0,basico,Argentina,2,1
26,34,149.0,premium,Argentina,0,0
60,38,121.0,estandar,Mexico,1,0
65,46,82.0,basico,Argentina,2,0
56,4,104.0,premium,Chile,2,0
46,38,147.0,estandar,Colombia,6,0
59,19,124.0,basico,Peru,1,0
43,6,143.0,estandar,Mexico,2,0
52,34,199.0,premium,Colombia,4,0
67,18,57.0,basico,Peru,0,1
42,13,185.0,basico,Peru,0,0
41,41,124.0,basico,Peru,1,0
30,23,84.0,basico,Colombia,3,0
24,19,67.0,estandar,Mexico,0,0
53,45,112.0,estandar,Mexico,0,0
62,11,157.0,basico,Peru,1,0
37,1,115.0,basico,Colombia,0,1
18,24,180.0,basico,Peru,1,0
25,54,62.0,premium,Argentina,2,0
63,7,120.0,basico,Mexico,2,0
33,25,70.0,premium,Chile,2,0
31,21,135.0,estandar,Peru,2,0
29,15,155.0,basico,Argentina,0,0
68,1,103.0,premium,Mexico,1,0
40,12,16.0,estandar,Colombia,0,0
32,58,128.0,estandar,Mexico,2,0
45,7,137.0,premium,Colombia,2,0
51,15,136.0,basico,Colombia,2,0
19,21,169.0,basico,Peru,1,0
49,19,77.0,estandar,Peru,3,0
40,29,147.0,basico,Mexico,2,0
39,25,168.0,basico,Argentina,2,0
68,33,49.0,basico,Mexico,3,1
42,49,133.0,basico,Chile,2,0
39,32,100.0,estandar,Colombia,0,0
39,49,117.0,basico,Colombia,1,0
66,35,134.0,estandar,Peru,1,0
69,44,101.0,estandar,Argentina,1,0
59,38,93.0,estandar,Peru,0,0
23,26,121.0,basico,Chile,0,0
32,11,77.0,estandar,Mexico,0,0
60,35,77.0,basico,Mexico,2,1
54,8,147.0,estandar,Argentina,5,0
50,46,74.0,premium,Peru,2,0
25,14,147.0,estandar,Peru,1,0
61,10,139.0,estandar,Chile,2,0
61,2,51.0,estandar,Mexico,1,1
22,46,93.0,basico,Peru,3,0
56,9,168.0,premium,Argentina,0,0
21,3,81.0,premium,Mexico,0,0
23,21,101.0,basico,Chile,0,0
62,26,138.0,estandar,Argentina,1,0
49,8,151.0,premium,Colombia,2,0
69,48,110.0,premium,Chile,0,0
47,2,96.0,estandar,Argentina,1,0
64,6,177.0,estandar,Peru,0,0
52,28,190.0,basico,Colombia,0,0
57,53,159.0,premium,Chile,2,0
69,29,123.0,basico,Peru,1,0
33,26,88.0,estandar,Colombia,2,0
30,25,87.0,basico,Mexico,2,0
67,12,141.0,basico,Peru,1,0
59,5,137.0,estandar,Argentina,1,0
47,34,176.0,premium,Chile,1,0
36,48,146.0,basico,Colombia,1,0
34,37,60.0,estandar,Peru,0,0
36,15,162.0,basico,Mexico,3,0
45,44,80.0,basico,Chile,0,0
43,36,105.0,estandar,Chile,2,0
54,15,130.0,estandar,Peru,1,0
43,43,200.0,basico,Mexico,5,1
40,48,244.0,basico,Colombia,1,0
26,23,144.0,basico,Peru,2,0
29,6,113.0,basico,Colombia,1,0
18,46,141.0,premium,Chile,1,0
18,50,156.0,premium,Colombia,1,0
64,44,107.0,basico,Mexico,1,0
51,59,192.0,estandar,Argentina,1,0
49,43,129.0,premium,Mexico,0,0
65,45,140.0,basico,Colombia,1,0
42,21,147.0,premium,Peru,1,0
57,23,137.0,premium,Chile,2,0
62,43,154.0,basico,Argentina,0,0
18,55,95.0,basico,Peru,2,0
33,16,98.0,premium,Peru,2,0
56,47,76.0,estandar,Mexico,1,0
22,53,138.0,basico,Colombia,1,0
39,15,151.0,basico,Mexico,3,0
46,25,138.0,estandar,Colombia,3,0
20,36,187.0,estandar,Mexico,1,0
29,11,120.0,estandar,Peru,2,0
43,51,147.0,premium,Chile,0,0
33,15,76.0,basico,Colombia,3,1
68,4,105.0,estandar,Argentina,1,0
54,21,148.0,estandar,Argentina,2,0
39,13,154.0,estandar,Peru,0,0
46,22,108.0,basico,Mexico,1,0
31,19,117.0,premium,Mexico,1,0
45,34,59.0,premium,Peru,2,0
22,14,106.0,estandar,Argentina,1,0
64,4,156.0,estandar,Argentina,1,0
66,48,143.0,basico,Mexico,3,0
47,53,140.0,estandar,Colombia,2,0
63,52,122.0,estandar,Chile,1,0
69,46,120.0,estandar,Colombia,3,0
22,27,94.0,premium,Argentina,2,0
29,29,148.0,estandar,Colombia,0,0
33,47,137.0,basico,Chile,0,0
43,28,140.0,estandar,Colombia,1,0
43,35,99.0,basico,Colombia,1,0
65,8,34.0,basico,Colombia,1,1
38,16,164.0,basico,Colombia,1,0
56,42,101.0,estandar,Peru,1,0
53,36,85.0,estandar,Argentina,1,0
50,30,148.0,estandar,Chile,3,0
47,18,104.0,estandar,Argentina,1,0
54,2,162.0,estandar,Peru,2,0
40,49,145.0,basico,Peru,0,0
27,13,147.0,premium,Peru,0,0
22,4,65.0,basico,Peru,0,1
53,26,168.0,basico,Colombia,3,0
51,25,130.0,estandar,Argentina,2,0
69,30,105.0,basico,Mexico,1,0
48,11,126.0,basico,Chile,0,0
27,7,49.0,estandar,Peru,0,0
36,31,136.0,estandar,Argentina,2,0
49,44,79.0,estandar,Peru,2,0
18,10,66.0,premium,Peru,0,0
22,39,59.0,estandar,Peru,2,0
62,13,165.0,premium,Peru,2,0
21,31,95.0,basico,Peru,1,0
33,7,181.0,estandar,Chile,1,0
41,56,99.0,premium,Argentina,2,0
33,49,52.0,estandar,Peru,3,0
19,42,75.0,estandar,Peru,3,0
66,42,169.0,basico,Peru,2,0
45,56,114.0,basico,Peru,2,0
49,36,98.0,estandar,Colombia,2,0
44,20,126.0,basico,Colombia,2,0
37,4,140.0,premium,Mexico,4,1
41,54,165.0,basico,Peru,0,0
29,7,178.0,premium,Mexico,1,0
67,54,106.0,premium,Chile,1,0
52,1,67.0,basico,Mexico,0,1
50,44,103.0,basico,Argentina,1,0
50,56,130.0,premium,Colombia,3,0
68,45,81.0,premium,Colombia,2,0
60,42,82.0,estandar,Peru,0,0
54,47,134.0,basico,Peru,3,0
29,59,118.0,estandar,Chile,3,0
20,13,121.0,estandar,Chile,1,0
18,55,90.0,basico,Argentina,4,1
50,22,111.0,estandar,Peru,1,0
57,54,83.0,basico,Peru,3,0
27,21,156.0,basico,Chile,2,0
60,22,161.0,basico,Chile,3,0
61,28,46.0,basico,Chile,1,1
46,9,83.0,basico,Colombia,1,0
30,26,60.0,estandar,Mexico,0,0
29,9,94.0,basico,Mexico,1,0
48,15,117.0,basico,Peru,4,1
63,10,62.0,basico,Colombia,1,1
19,24,83.0,premium,Chile,2,0
68,58,80.0,estandar,Peru,2,0
67,57,128.0,estandar,Colombia,1,0
52,42,123.0,estandar,Argentina,3,0
40,8,91.0,premium,Colombia,1,0
34,24,127.0,basico,Peru,0,0
43,16,98.0,estandar,Mexico,5,0
25,49,109.0,estandar,Chile,1,0
46,26,187.0,estandar,Argentina,1,0
43,27,174.0,basico,Colombia,1,0
27,37,68.0,estandar,Peru,1,0
43,4,153.0,basico,Peru,1,1
51,50,152.0,estandar,Chile,0,0
68,24,74.0,estandar,Peru,2,0
58,19,153.0,basico,Peru,2,0
24,36,182.0,premium,Chile,1,0
21,39,75.0,basico,Argentina,3,1
67,10,83.0,premium,Mexico,1,0
62,25,161.0,estandar,Mexico,0,0
28,18,131.0,basico,Colombia,3,0
46,19,142.0,basico,Argentina,3,0
53,36,134.0,premium,Colombia,0,0
42,10,136.0,basico,Mexico,1,0
38,33,67.0,basico,Chile,2,1
53,55,162.0,basico,Peru,1,0
27,50,167.0,estandar,Mexico,0,0
54,5,111.0,estandar,Argentina,0,0
26,47,118.0,basico,Mexico,2,0
41,49,59.0,basico,Argentina,3,1
52,35,141.0,basico,Argentina,0,0
66,44,143.0,basico,Argentina,0,0
52,34,118.0,estandar,Colombia,1,0
65,33,165.0,estandar,Chile,3,0
53,55,107.0,basico,Mexico,0,0
35,21,143.0,basico,Chile,5,1
66,17,79.0,basico,Peru,1,1
56,22,119.0,premium,Mexico,1,0
49,48,113.0,premium,Chile,3,0
41,37,129.0,premium,Chile,1,0
40,15,105.0,basico,Peru,0,0
49,35,115.0,basico,Argentina,1,0
54,28,153.0,basico,Mexico,1,0
29,7,103.0,basico,Mexico,1,0
66,32,56.0,estandar,Peru,2,0
30,11,190.0,estandar,Argentina,1,0
40,10,175.0,premium,Mexico,0,0
42,9,68.0,premium,Mexico,2,0
52,14,148.0,basico,Mexico,1,0
58,13,100.0,estandar,Argentina,2,0
47,57,131.0,basico,Peru,2,0
34,25,132.0,basico,Mexico,1,0
66,2,111.0,estandar,Chile,1,0
37,35,89.0,basico,Argentina,0,0
65,7,92.0,estandar,Colombia,2,0
42,21,83.0,basico,Peru,1,0
39,18,87.0,estandar,Chile,4,0
30,3,117.0,estandar,Mexico,1,0
36,42,91.0,basico,Colombia,3,0
66,54,147.0,premium,Peru,1,0
53,39,179.0,basico,Argentina,2,0
29,41,97.0,estandar,Colombia,2,0
58,49,130.0,estandar,Colombia,4,0
36,11,140.0,estandar,Chile,1,0
29,39,139.0,premium,Peru,0,0
26,24,123.0,basico,Chile,3,0
24,46,150.0,estandar,Chile,6,0
45,19,139.0,estandar,Mexico,1,0
31,4,70.0,premium,Argentina,0,1
48,26,155.0,basico,Colombia,1,0
69,38,155.0,estandar,Peru,1,0
36,42,89.0,estandar,Argentina,0,0
64,32,122.0,basico,Argentina,1,0
33,39,147.0,estandar,Peru,1,0
22,45,112.0,basico,Argentina,4,1
52,46,163.0,estandar,Mexico,4,0
29,36,215.0,premium,Argentina,2,0
42,40,89.0,estandar,Mexico,0,0
69,37,65.0,estandar,Colombia,1,0
38,33,132.0,estandar,Colombia,1,0
53,36,149.0,basico,Chile,2,0
40,3,111.0,basico,Mexico,0,1
33,9,178.0,estandar,Colombia,5,0
56,8,66.0,basico,Argentina,2,1
62,33,148.0,basico,Peru,2,0
59,59,96.0,estandar,Peru,1,0
56,6,189.0,basico,Mexico,1,0
31,41,200.0,basico,Chile,0,0
48,39,89.0,estandar,Argentina,3,0
22,4,98.0,basico,Mexico,4,1
52,13,154.0,premium,Peru,2,0
40,49,105.0,premium,Mexico,1,0
46,2,118.0,estandar,Argentina,3,0
60,5,121.0,basico,Colombia,1,1
28,44,43.0,estandar,Argentina,2,0
35,27,119.0,premium,Colombia,1,0
64,32,92.0,estandar,Colombia,0,0
29,21,100.0,basico,Colombia,0,0
26,8,178.0,estandar,Mexico,3,0
27,38,70.0,premium,Peru,2,0
61,8,153.0,estandar,Mexico,0,0
34,50,109.0,estandar,Peru,3,0
55,3,109.0,estandar,Argentina,1,0
24,54,152.0,estandar,Chile,1,0
63,44,134.0,basico,Argentina,1,0
30,58,143.0,estandar,Mexico,1,0
57,3,159.0,basico,Mexico,2,1
59,22,107.0,estandar,Peru,0,0
26,6,96.0,basico,Mexico,0,0
67,2,77.0,estandar,Colombia,1,1
44,23,87.0,basico,Mexico,1,0
19,44,238.0,estandar,Peru,1,0
22,2,170.0,estandar,Peru,1,0
46,38,66.0,basico,Colombia,3,1
54,17,67.0,basico,Peru,2,1
55,35,139.0,basico,Chile,2,0
36,34,142.0,premium,Argentina,0,0
25,23,142.0,estandar,Mexico,0,0
65,30,110.0,estandar,Chile,2,0
62,52,115.0,basico,Mexico,0,0
18,8,133.0,estandar,Chile,2,0
39,22,123.0,premium,Mexico,3,0
69,44,31.0,premium,Colombia,3,0
34,58,111.0,estandar,Peru,1,0
24,36,86.0,basico,Peru,2,0
42,5,127.0,basico,Colombia,1,1
62,13,239.0,basico,Chile,3,0
21,29,135.0,basico,Argentina,2,0
53,31,107.0,basico,Chile,1,0
23,47,157.0,basico,Peru,2,0
48,57,139.0,basico,Argentina,0,0
36,55,137.0,premium,Mexico,1,0
61,16,144.0,estandar,Argentina,0,0
56,42,202.0,premium,Chile,0,0
44,30,75.0,estandar,Colombia,2,0
27,57,139.0,basico,Mexico,3,0
43,55,83.0,estandar,Chile,2,0
36,16,142.0,basico,Mexico,2,0
56,12,83.0,estandar,Argentina,0,0
20,17,103.0,basico,Peru,1,0
62,16,108.0,premium,Chile,0,0
30,12,159.0,basico,Colombia,1,0
67,8,157.0,basico,Argentina,3,0
45,20,70.0,premium,Chile,1,0
37,3,122.0,basico,Colombia,0,1
45,16,92.0,estandar,Chile,1,0
25,30,70.0,estandar,Argentina,0,0
58,45,111.0,premium,Chile,0,0
56,23,108.0,premium,Mexico,1,0
18,28,217.0,premium,Argentina,0,0
20,51,137.0,basico,Chile,2,0
30,40,65.0,premium,Peru,0,0
45,54,97.0,estandar,Chile,4,0
66,5,161.0,estandar,Mexico,1,0
42,20,204.0,basico,Colombia,3,0
50,40,57.0,estandar,Colombia,0,0
55,56,45.0,premium,Colombia,3,0
23,44,195.0,premium,Peru,1,0
61,1,136.0,estandar,Mexico,2,0
62,57,85.0,basico,Argentina,3,0
49,30,141.0,basico,Colombia,2,0
62,21,15.0,premium,Mexico,0,0
64,20,120.0,estandar,Chile,1,0
38,6,133.0,estandar,Peru,2,0
33,22,157.0,basico,Mexico,2,0
38,18,79.0,estandar,Mexico,1,0
28,8,123.0,estandar,Argentina,0,0
54,39,83.0,premium,Mexico,2,0
53,32,130.0,estandar,Argentina,3,0
52,33,84.0,basico,Peru,5,1
36,53,104.0,estandar,Peru,1,0
37,16,80.0,basico,Chile,1,0
35,12,146.0,premium,Argentina,1,0
64,38,154.0,basico,Argentina,1,0
58,52,111.0,estandar,Colombia,4,0
66,34,122.0,basico,Colombia,1,0
31,14,62.0,estandar,Chile,3,0
32,36,108.0,estandar,Peru,0,0
48,33,118.0,estandar,Colombia,1,0
18,23,225.0,basico,Mexico,1,0
20,50,76.0,basico,Peru,1,1
33,45,179.0,basico,Mexico,1,0
40,2,160.0,estandar,Argentina,3,0
28,41,131.0,basico,Peru,0,0
29,21,190.0,estandar,Chile,3,0
27,2,135.0,premium,Argentina,2,0
49,27,136.0,premium,Argentina,1,0
33,57,118.0,estandar,Mexico,3,0
25,9,169.0,estandar,Argentina,1,0
55,1,164.0,basico,Colombia,2,1
29,11,95.0,estandar,Peru,1,0
41,3,67.0,premium,Colombia,0,1
45,52,112.0,basico,Mexico,1,0
25,23,88.0,estandar,Mexico,1,0
45,26,117.0,premium,Peru,0,0
53,4,169.0,premium,Argentina,1,0
43,18,102.0,basico,Chile,1,0
25,55,118.0,estandar,Mexico,3,0
67,6,122.0,basico,Peru,1,0
45,35,154.0,basico,Chile,1,0
45,22,30.0,premium,Argentina,1,0
54,43,96.0,premium,Mexico,1,0
58,15,128.0,estandar,Peru,1,0
53,22,168.0,basico,Peru,3,0
44,37,100.0,premium,Peru,3,0
34,52,45.0,estandar,Mexico,1,0
26,42,145.0,basico,Chile,2,0
50,12,95.0,estandar,Peru,2,0
37,47,72.0,basico,Argentina,5,1
30,49,95.0,estandar,Peru,2,0
45,42,113.0,estandar,Chile,2,0
65,38,96.0,basico,Mexico,2,0
46,18,32.0,basico,Peru,2,1
30,45,156.0,basico,Peru,4,1
63,35,171.0,basico,Argentina,1,0
52,30,146.0,estandar,Argentina,1,0
23,24,74.0,premium,Peru,0,0
35,42,112.0,basico,Peru,6,1
68,30,120.0,basico,Argentina,0,0
22,14,144.0,estandar,Chile,3,0
64,6,147.0,premium,Colombia,1,0
42,3,91.0,basico,Colombia,1,1
19,16,123.0,basico,Peru,0,0
27,7,138.0,estandar,Argentina,1,0
47,52,178.0,basico,Mexico,1,0
67,14,148.0,basico,Mexico,1,0
62,9,152.0,estandar,Colombia,2,0
22,15,123.0,estandar,Chile,3,0
50,21,176.0,estandar,Colombia,0,0
18,35,136.0,estandar,Peru,2,0
35,2,86.0,estandar,Chile,2,0
49,27,176.0,basico,Mexico,2,0
64,2,148.0,basico,Argentina,1,1
66,35,102.0,basico,Argentina,1,0
28,18,101.0,basico,Peru,0,0
38,14,132.0,estandar,Colombia,3,0
43,20,139.0,premium,Peru,1,0
42,18,128.0,premium,Argentina,1,0
39,10,132.0,estandar,Mexico,4,0
44,25,188.0,basico,Argentina,2,0
66,2,163.0,basico,Chile,6,1
30,25,128.0,premium,Argentina,1,0
50,54,158.0,estandar,Argentina,1,0
51,33,79.0,estandar,Chile,2,0
58,36,136.0,estandar,Colombia,2,0
52,31,192.0,estandar,Argentina,1,0
18,14,111.0,premium,Peru,2,0
38,1,86.0,basico,Argentina,3,1
65,46,94.0,estandar,Peru,2,0
23,16,76.0,premium,Chile,0,0
45,54,89.0,basico,Argentina,1,0
34,46,105.0,estandar,Chile,1,0
22,52,64.0,basico,Chile,1,1
48,3,121.0,premium,Colombia,0,0
22,35,156.0,basico,Argentina,1,0
55,41,84.0,estandar,Peru,2,0
20,6,181.0,basico,Peru,1,0
40,25,140.0,estandar,Argentina,1,0
54,13,161.0,basico,Colombia,1,0
54,53,94.0,basico,Colombia,2,0
27,34,154.0,estandar,Colombia,0,0
27,8,76.0,premium,Peru,0,0
36,21,156.0,basico,Chile,0,0
34,34,127.0,basico,Colombia,2,0
38,4,142.0,estandar,Peru,1,0
31,25,73.0,estandar,Peru,2,0
26,15,84.0,premium,Chile,0,0
63,4,144.0,basico,Argentina,1,1
18,45,82.0,estandar,Argentina,2,0
68,12,139.0,basico,Colombia,3,0
62,32,65.0,basico,Colombia,3,1
30,32,154.0,estandar,Chile,2,0
21,28,71.0,estandar,Colombia,0,0
18,13,142.0,estandar,Chile,1,0
66,31,145.0,basico,Peru,3,0
57,14,92.0,estandar,Colombia,2,0
49,20,143.0,estandar,Peru,0,0
51,18,130.0,premium,Mexico,2,0
45,29,98.0,basico,Chile,4,1
48,6,80.0,basico,Mexico,3,0
25,32,41.0,basico,Colombia,1,1
56,29,134.0,estandar,Peru,3,0
43,43,57.0,basico,Colombia,0,1
51,2,124.0,premium,Mexico,3,0
20,23,109.0,basico,Colombia,1,0
67,19,147.0,premium,Argentina,1,0
29,31,108.0,basico,Mexico,4,1
18,51,107.0,estandar,Colombia,2,0
61,5,149.0,premium,Peru,5,1
22,19,133.0,basico,Colombia,3,0
47,34,133.0,premium,Peru,2,0
47,10,139.0,estandar,Argentina,0,0
34,25,59.0,premium,Colombia,2,0
65,2,150.0,estandar,Argentina,2,0
64,11,144.0,basico,Mexico,1,0
40,50,79.0,basico,Peru,3,1
32,31,110.0,basico,Mexico,1,0
54,56,118.0,basico,Peru,0,0
38,15,115.0,basico,Argentina,3,0
31,9,133.0,basico,Chile,4,1
19,23,177.0,estandar,Colombia,1,0
28,19,163.0,estandar,Argentina,1,0
68,9,68.0,basico,Peru,3,1
56,35,145.0,basico,Peru,0,0
55,21,173.0,estandar,Peru,1,0
51,9,135.0,basico,Peru,5,1
55,28,164.0,basico,Colombia,0,0
67,46,200.0,basico,Mexico,2,0
51,51,161.0,premium,Chile,0,0
35,7,130.0,premium,Colombia,1,0
47,16,162.0,basico,Peru,4,1
32,16,126.0,estandar,Colombia,4,0
44,33,121.0,estandar,Argentina,0,0
68,4,106.0,estandar,Peru,7,1
51,4,183.0,estandar,Chile,2,0
69,39,87.0,estandar,Peru,2,0
55,40,181.0,basico,Chile,1,0
50,17,140.0,basico,Chile,3,0
41,37,64.0,estandar,Mexico,0,0
32,39,135.0,premium,Mexico,1,0
47,52,36.0,estandar,Colombia,0,0
59,29,145.0,premium,Colombia,1,0
68,52,155.0,premium,Chile,0,0
34,36,96.0,basico,Peru,0,0
22,38,125.0,estandar,Argentina,0,0
46,39,198.0,estandar,Argentina,3,0
21,50,100.0,premium,Peru,1,0
27,37,78.0,premium,Peru,2,0
34,52,179.0,estandar,Mexico,1,0
27,35,199.0,basico,Argentina,1,0
34,7,120.0,estandar,Chile,1,0
37,27,160.0,basico,Colombia,1,0
41,28,174.0,estandar,Mexico,1,0
22,22,90.0,premium,Argentina,5,0
51,14,101.0,basico,Peru,0,0
23,7,169.0,estandar,Argentina,1,0
19,37,187.0,estandar,Chile,1,0
30,22,143.0,estandar,Mexico,2,0
60,5,85.0,basico,Peru,1,1
60,55,199.0,estandar,Chile,1,0
65,2,99.0,premium,Colombia,3,0
28,27,107.0,premium,Mexico,1,0
68,21,134.0,basico,Chile,0,0
64,54,182.0,premium,Chile,1,0
40,38,154.0,estandar,Peru,1,0
33,15,137.0,basico,Colombia,3,0
48,21,139.0,basico,Chile,1,0
28,10,122.0,basico,Mexico,2,0
33,23,142.0,premium,Chile,2,0
25,58,19.0,estandar,Argentina,0,0
21,56,108.0,estandar,Mexico,2,0
57,39,130.0,basico,Mexico,0,0
21,5,74.0,estandar,Chile,0,1
42,1,135.0,basico,Peru,1,1
20,13,112.0,basico,Mexico,2,0
49,21,190.0,estandar,Argentina,3,0
20,26,183.0,basico,Peru,2,0
44,50,101.0,premium,Peru,1,0
46,45,114.0,basico,Peru,1,0
49,21,117.0,estandar,Mexico,2,0
67,53,102.0,estandar,Peru,0,0
68,18,128.0,estandar,Chile,2,0
36,37,90.0,basico,Peru,3,0
38,45,75.0,basico,Argentina,2,1
22,32,145.0,premium,Colombia,2,0
35,36,145.0,basico,Argentina,0,0
45,17,88.0,premium,Mexico,0,0
59,35,156.0,premium,Peru,2,0
39,49,95.0,basico,Peru,0,0
38,11,130.0,basico,Chile,5,1
23,21,153.0,estandar,Peru,0,0
18,52,119.0,premium,Argentina,0,0
22,55,138.0,premium,Mexico,2,0
58,53,99.0,estandar,Colombia,2,0
29,26,112.0,estandar,Peru,0,0
43,4,112.0,basico,Colombia,1,1
63,34,90.0,premium,Peru,2,0
51,52,113.0,premium,Mexico,2,0
66,48,58.0,basico,Argentina,2,1
31,18,100.0,basico,Mexico,1,0
43,40,109.0,basico,Colombia,4,1
62,35,110.0,basico,Peru,4,1
44,41,110.0,premium,Colombia,0,0
26,29,118.0,basico,Argentina,1,0
43,52,139.0,basico,Mexico,0,0
64,29,155.0,basico,Colombia,1,0
39,38,94.0,premium,Colombia,2,0
64,42,72.0,estandar,Argentina,3,0
47,21,78.0,estandar,Peru,0,0
60,42,101.0,basico,Colombia,1,0
65,13,106.0,premium,Argentina,4,0
34,49,89.0,premium,Peru,2,0
43,41,68.0,basico,Peru,2,1
53,17,102.0,basico,Mexico,4,1
18,56,127.0,basico,Argentina,1,0
25,9,144.0,basico,Peru,2,0
66,41,98.0,estandar,Mexico,2,0
52,1,103.0,premium,Chile,3,0
69,2,83.0,estandar,Argentina,0,0
32,48,119.0,premium,Chile,1,0
64,29,86.0,estandar,Peru,1,0
39,33,143.0,estandar,Argentina,2,0
31,10,49.0,estandar,Mexico,0,0
43,50,106.0,basico,Peru,2,0
45,58,132.0,basico,Argentina,2,0
40,40,127.0,estandar,Argentina,1,0
31,21,228.0,basico,Chile,2,0
41,28,134.0,basico,Peru,2,0
19,11,80.0,estandar,Mexico,1,0
62,55,116.0,premium,Mexico,2,0
43,34,49.0,estandar,Peru,1,0
31,8,117.0,premium,Peru,2,0
68,59,87.0,estandar,Colombia,0,0
24,22,157.0,estandar,Chile,0,0
20,8,98.0,estandar,Peru,0,0
64,49,115.0,premium,Peru,0,0
40,15,95.0,estandar,Colombia,1,0
63,17,190.0,estandar,Colombia,3,0
60,23,107.0,estandar,Argentina,1,0
64,24,193.0,estandar,Mexico,2,0
62,45,153.0,basico,Chile,0,0
35,19,139.0,basico,Argentina,1,0
55,5,135.0,basico,Peru,2,1
52,32,136.0,premium,Colombia,0,0
68,44,43.0,basico,Mexico,2,1
32,1,109.0,basico,Argentina,2,1
42,23,154.0,estandar,Mexico,0,0
54,37,118.0,basico,Colombia,1,0
45,8,64.0,estandar,Argentina,2,0
27,13,118.0,basico,Argentina,3,0
56,8,188.0,premium,Mexico,2,0
34,57,170.0,premium,Colombia,1,0
56,23,118.0,premium,Peru,0,0
39,43,158.0,estandar,Argentina,0,0
43,1,105.0,estandar,Peru,2,0
61,45,52.0,basico,Colombia,1,1
42,51,83.0,basico,Argentina,1,0
34,24,183.0,basico,Argentina,1,0
30,35,109.0,estandar,Peru,1,0
37,24,110.0,estandar,Chile,1,0
42,17,108.0,estandar,Peru,0,0
21,5,196.0,basico,Peru,3,1
27,20,185.0,estandar,Chile,2,0
20,21,209.0,estandar,Colombia,2,0
58,40,114.0,estandar,Colombia,1,0
62,58,132.0,estandar,Argentina,0,0
35,31,59.0,basico,Mexico,2,1
64,46,179.0,premium,Mexico,2,0
53,36,73.0,estandar,Argentina,2,0
64,11,129.0,basico,Mexico,3,0
39,52,76.0,basico,Peru,3,1
51,15,96.0,estandar,Peru,1,0
64,19,87.0,premium,Chile,0,0
25,7,96.0,estandar,Chile,0,0
57,51,98.0,basico,Argentina,4,1
66,28,98.0,premium,Argentina,2,0
61,51,153.0,estandar,Argentina,2,0
36,43,76.0,estandar,Peru,2,0
59,58,129.0,estandar,Mexico,1,0
58,5,169.0,basico,Argentina,0,1
54,5,99.0,estandar,Argentina,4,1
23,30,91.0,basico,Peru,3,0
69,54,111.0,premium,Peru,4,0
43,32,167.0,estandar,Peru,2,0
51,8,128.0,estandar,Mexico,2,0
62,10,99.0,estandar,Argentina,1,0
23,38,139.0,premium,Colombia,2,0
54,47,76.0,premium,Colombia,1,0
50,32,147.0,estandar,Argentina,4,0
39,48,136.0,estandar,Argentina,2,0
38,28,108.0,estandar,Argentina,4,0
23,17,86.0,estandar,Argentina,1,0
23,31,85.0,basico,Mexico,1,0
65,8,141.0,estandar,Colombia,0,0
21,40,169.0,basico,Chile,0,0
47,25,95.0,premium,Colombia,0,0
28,9,138.0,basico,Colombia,3,0
47,2,37.0,premium,Peru,2,1
48,15,97.0,estandar,Argentina,2,0
41,50,119.0,estandar,Argentina,2,0
26,3,84.0,estandar,Argentina,0,0
20,49,83.0,basico,Peru,0,0
68,36,93.0,basico,Mexico,1,0
48,4,132.0,basico,Mexico,1,1
57,14,113.0,estandar,Chile,2,0
54,41,30.0,estandar,Mexico,1,0
53,41,35.0,estandar,Mexico,1,0
41,25,96.0,basico,Argentina,0,0
48,58,138.0,basico,Colombia,3,0
23,55,10.0,estandar,Mexico,2,0
19,50,100.0,premium,Mexico,3,0
37,10,99.0,estandar,Peru,2,0
45,21,176.0,estandar,Chile,1,0
28,36,105.0,estandar,Peru,1,0
21,12,135.0,basico,Argentina,3,0
32,27,126.0,premium,Colombia,3,0
23,40,35.0,estandar,Chile,0,0
66,2,151.0,basico,Peru,2,1
47,54,129.0,estandar,Mexico,2,0
55,13,140.0,basico,Mexico,0,0
68,53,277.0,premium,Chile,2,0
19,32,37.0,basico,Mexico,3,1
32,31,189.0,estandar,Peru,1,0
28,16,109.0,basico,Peru,2,0
25,32,131.0,estandar,Mexico,3,0
43,32,118.0,estandar,Mexico,2,0
68,34,103.0,estandar,Argentina,1,0
62,11,97.0,estandar,Colombia,1,0
61,10,133.0,premium,Chile,2,0
22,15,59.0,basico,Peru,3,1
23,17,150.0,basico,Chile,1,0
43,40,103.0,basico,Argentina,2,0
21,18,75.0,premium,Peru,2,0
36,55,102.0,basico,Argentina,2,0
37,9,170.0,estandar,Argentina,3,0
50,25,99.0,estandar,Mexico,2,0
37,40,134.0,basico,Chile,2,0
66,59,91.0,basico,Chile,1,0
29,14,150.0,basico,Mexico,0,0
64,58,147.0,estandar,Chile,0,0
18,25,194.0,basico,Mexico,1,0
43,50,113.0,basico,Peru,5,1
31,22,147.0,premium,Argentina,3,0
55,52,124.0,premium,Argentina,4,0
54,30,172.0,basico,Chile,1,0
28,20,91.0,basico,Colombia,1,0
53,21,150.0,basico,Argentina,2,0
30,44,112.0,estandar,Mexico,0,0
60,32,117.0,premium,Colombia,1,0
20,51,124.0,basico,Colombia,1,0
50,46,130.0,basico,Argentina,1,0
23,49,115.0,estandar,Argentina,1,0
67,56,129.0,estandar,Argentina,2,0
27,21,183.0,basico,Mexico,3,0
22,35,159.0,estandar,Colombia,0,0
40,58,155.0,basico,Chile,1,0
27,32,102.0,basico,Mexico,2,0
61,30,84.0,estandar,Peru,1,0
19,55,158.0,premium,Argentina,2,0
30,39,155.0,estandar,Colombia,1,0
57,49,179.0,premium,Mexico,3,0
19,12,96.0,estandar,Peru,3,0
37,41,111.0,estandar,Mexico,2,0
18,47,54.0,estandar,Mexico,0,0
54,18,104.0,premium,Chile,1,0
26,21,160.0,premium,Chile,3,0
34,13,101.0,basico,Mexico,1,0
26,21,146.0,premium,Peru,1,0
28,8,112.0,premium,Colombia,1,0
32,46,133.0,estandar,Colombia,2,0
41,40,74.0,basico,Argentina,2,1
55,46,123.0,premium,Argentina,3,0
52,7,10.0,premium,Colombia,1,0
47,23,113.0,basico,Mexico,2,0
48,44,55.0,premium,Mexico,1,0
66,32,168.0,basico,Chile,2,0
22,11,151.0,basico,Chile,2,0
61,22,139.0,estandar,Argentina,2,0
67,22,181.0,estandar,Colombia,0,0
31,43,82.0,estandar,Mexico,1,0
28,25,190.0,basico,Colombia,0,0
26,22,157.0,premium,Peru,1,0
51,28,111.0,basico,Colombia,3,0
29,29,165.0,basico,Peru,2,0
52,13,76.0,basico,Chile,1,1
52,18,87.0,estandar,Chile,2,0
18,2,96.0,premium,Argentina,2,0
57,29,99.0,estandar,Colombia,2,0
39,21,78.0,premium,Colombia,0,0
46,15,169.0,basico,Peru,1,0
25,52,110.0,estandar,Chile,1,0
28,27,134.0,estandar,Peru,1,0
58,50,97.0,estandar,Chile,1,0
54,31,47.0,basico,Peru,0,1
31,15,131.0,estandar,Chile,0,0
47,51,44.0,estandar,Peru,1,0
52,23,117.0,estandar,Chile,1,0
38,24,65.0,estandar,Peru,0,0
54,44,199.0,basico,Colombia,3,0
22,13,156.0,estandar,Argentina,2,0
36,22,124.0,basico,Peru,2,0
31,43,171.0,premium,Argentina,1,0
43,37,86.0,estandar,Colombia,0,0
21,33,142.0,basico,Colombia,2,0
42,56,128.0,premium,Chile,0,0
62,3,131.0,estandar,Argentina,1,0
59,54,171.0,basico,Mexico,1,0
42,19,149.0,estandar,Chile,2,0
35,23,132.0,basico,Argentina,1,0
57,29,54.0,premium,Peru,0,0
25,30,82.0,premium,Peru,2,0
56,39,115.0,premium,Colombia,0,0
57,44,124.0,estandar,Mexico,2,0
31,47,75.0,estandar,Peru,2,0
49,25,216.0,estandar,Argentina,0,0
68,37,181.0,basico,Argentina,2,0
55,47,144.0,estandar,Peru,1,0
50,8,123.0,estandar,Argentina,1,0
40,42,112.0,basico,Argentina,0,0
32,58,82.0,estandar,Colombia,4,0
50,16,123.0,premium,Mexico,2,0
42,8,130.0,premium,Colombia,3,0
34,1,70.0,basico,Mexico,2,1
50,44,133.0,basico,Argentina,3,0
64,5,114.0,basico,Mexico,2,1
19,3,44.0,premium,Argentina,0,1
31,1,86.0,basico,Argentina,2,1
57,4,103.0,estandar,Colombia,1,0
57,40,196.0,basico,Colombia,1,0
68,35,142.0,estandar,Chile,3,0
56,32,67.0,basico,Peru,0,1
68,42,139.0,estandar,Chile,3,0
23,34,58.0,basico,Chile,2,1
23,43,163.0,estandar,Mexico,1,0
20,25,101.0,basico,Argentina,2,0
24,10,116.0,estandar,Argentina,2,0
68,21,173.0,premium,Argentina,2,0
25,46,69.0,basico,Peru,0,1
59,39,64.0,premium,Mexico,1,0
69,27,97.0,estandar,Mexico,0,0
32,27,162.0,basico,Argentina,1,0
64,2,59.0,estandar,Chile,3,1
46,41,10.0,basico,Peru,1,1
50,48,102.0,estandar,Chile,3,0
69,13,142.0,estandar,Colombia,0,0
47,9,168.0,basico,Mexico,1,0
56,52,101.0,estandar,Mexico,1,0
44,36,104.0,premium,Chile,4,0
53,22,166.0,premium,Peru,4,0
46,42,45.0,estandar,Mexico,1,0
55,26,104.0,premium,Chile,1,0
50,58,128.0,estandar,Peru,3,0
54,54,138.0,basico,Chile,1,0
44,12,100.0,premium,Peru,1,0
50,17,121.0,estandar,Argentina,2,0
21,14,20.0,estandar,Peru,1,0
39,14,94.0,estandar,Colombia,2,0
19,57,138.0,premium,Argentina,0,0
27,34,81.0,premium,Chile,1,0
22,53,122.0,estandar,Argentina,1,0
27,57,138.0,basico,Argentina,0,0
50,20,106.0,estandar,Chile,1,0
55,11,127.0,estandar,Chile,1,0
30,16,81.0,basico,Colombia,0,0
48,51,112.0,estandar,Chile,3,0
64,31,144.0,estandar,Mexico,2,0
53,55,126.0,basico,Mexico,2,0
62,6,97.0,basico,Colombia,2,0
41,56,129.0,basico,Peru,1,0
69,19,149.0,premium,Peru,2,0
32,37,38.0,basico,Mexico,2,1
46,58,166.0,basico,Chile,3,0
25,4,107.0,estandar,Colombia,1,0
22,47,137.0,basico,Peru,3,0
46,4,168.0,basico,Peru,1,1
64,20,65.0,basico,Argentina,2,1
21,10,92.0,estandar,Mexico,1,0
29,24,108.0,estandar,Chile,0,0
62,54,89.0,basico,Colombia,2,0
19,35,189.0,estandar,Peru,2,0
44,26,86.0,premium,Argentina,0,0
48,37,98.0,basico,Mexico,3,0
68,38,128.0,basico,Mexico,0,0
68,21,72.0,basico,Colombia,0,1
53,54,104.0,estandar,Peru,2,0
53,40,133.0,estandar,Colombia,4,0
43,39,107.0,basico,Colombia,1,0
60,21,116.0,estandar,Argentina,3,0
44,10,99.0,basico,Mexico,3,0
22,38,59.0,estandar,Chile,2,0
37,46,133.0,estandar,Mexico,1,0
28,4,190.0,basico,Mexico,3,1
27,57,121.0,estandar,Argentina,4,0
57,45,129.0,basico,Chile,2,0
55,20,148.0,estandar,Peru,2,0
23,17,69.0,basico,Chile,3,1
25,55,188.0,premium,Peru,0,0
40,7,128.0,basico,Chile,1,0
64,4,185.0,premium,Colombia,1,0
43,29,91.0,basico,Chile,1,0
63,14,193.0,estandar,Argentina,2,0
60,3,151.0,basico,Peru,4,1
29,24,142.0,premium,Mexico,2,0
43,37,129.0,basico,Argentina,2,0
30,16,110.0,basico,Peru,0,0
57,58,168.0,estandar,Peru,4,0
35,55,126.0,basico,Mexico,2,0
42,52,41.0,basico,Colombia,1,1
50,4,75.0,premium,Argentina,0,1
64,56,113.0,premium,Mexico,2,0
57,24,132.0,basico,Mexico,4,1
60,34,118.0,premium,Colombia,0,0
29,30,169.0,estandar,Argentina,0,0
61,18,42.0,basico,Mexico,2,1
53,19,126.0,estandar,Colombia,0,0
65,31,47.0,estandar,Argentina,1,0
21,19,150.0,premium,Chile,2,0
22,49,116.0,basico,Peru,1,0
54,46,137.0,estandar,Colombia,1,0
25,19,85.0,basico,Peru,0,0
59,22,171.0,basico,Chile,0,0
66,24,162.0,basico,Mexico,0,0
45,45,143.0,premium,Mexico,0,0
48,12,115.0,premium,Argentina,2,0
26,30,143.0,estandar,Colombia,5,0
68,58,92.0,estandar,Colombia,2,0
46,38,154.0,basico,Argentina,1,0
31,53,186.0,basico,Peru,4,1
57,31,163.0,basico,Mexico,0,0
58,36,91.0,basico,Mexico,1,0
39,19,134.0,estandar,Colombia,0,0
28,48,68.0,estandar,Colombia,2,0
40,45,143.0,basico,Argentina,0,0
18,36,138.0,basico,Chile,0,0
63,30,45.0,basico,Peru,4,1
54,55,74.0,estandar,Chile,3,0
38,49,109.0,premium,Chile,2,0
43,55,108.0,estandar,Colombia,3,0
63,33,72.0,premium,Colombia,1,0
53,18,136.0,estandar,Colombia,1,0
40,52,130.0,basico,Chile,0,0
18,49,112.0,basico,Peru,0,0
68,59,90.0,premium,Colombia,1,0
57,28,162.0,estandar,Mexico,1,0
32,59,186.0,basico,Peru,0,0
38,47,101.0,estandar,Mexico,1,0
64,11,96.0,estandar,Peru,2,0
26,57,140.0,estandar,Colombia,0,0
26,54,106.0,premium,Argentina,2,0
27,45,114.0,estandar,Colombia,1,0
69,33,150.0,estandar,Chile,2,0
43,17,44.0,basico,Chile,1,1
58,6,173.0,basico,Peru,2,0
52,4,123.0,basico,Chile,0,1
69,20,104.0,basico,Colombia,1,0
42,48,116.0,estandar,Mexico,1,0
43,47,118.0,estandar,Colombia,4,0
28,27,51.0,basico,Peru,1,1
55,15,180.0,premium,Chile,2,0
19,6,122.0,basico,Mexico,1,0
24,47,138.0,basico,Argentina,1,0
35,14,158.0,basico,Mexico,1,0
44,11,79.0,basico,Mexico,3,1
51,39,139.0,basico,Colombia,1,0
44,9,109.0,estandar,Argentina,1,0
34,26,154.0,estandar,Peru,0,0
60,16,35.0,premium,Peru,1,0
61,5,116.0,basico,Mexico,1,1
68,57,96.0,basico,Mexico,2,0
41,52,137.0,basico,Chile,2,0
42,10,139.0,estandar,Argentina,1,0
24,50,92.0,basico,Mexico,3,0
69,3,92.0,premium,Chile,0,0
23,13,116.0,estandar,Argentina,0,0
41,43,84.0,estandar,Peru,1,0
50,49,154.0,estandar,Chile,3,0
66,30,105.0,basico,Argentina,1,0
46,54,10.0,basico,Chile,4,1
60,45,105.0,basico,Mexico,0,0
39,6,78.0,estandar,Colombia,1,0
43,17,55.0,basico,Peru,2,1
45,59,71.0,basico,Mexico,0,1
67,45,124.0,premium,Mexico,0,0
38,51,173.0,basico,Argentina,0,0
66,53,133.0,premium,Chile,0,0
24,19,96.0,estandar,Peru,0,0
34,42,138.0,basico,Mexico,1,0
37,35,102.0,basico,Argentina,2,0
58,46,92.0,basico,Peru,3,0
66,26,74.0,estandar,Chile,3,0
37,51,50.0,estandar,Mexico,3,0
39,5,104.0,estandar,Mexico,2,0
45,29,126.0,premium,Mexico,1,0
57,37,116.0,estandar,Peru,2,0
66,20,103.0,basico,Peru,1,0
24,49,82.0,basico,Peru,1,0
18,21,144.0,premium,Peru,1,0
49,10,67.0,basico,Argentina,2,1
30,5,151.0,basico,Colombia,1,1
47,36,80.0,estandar,Argentina,0,0
40,6,90.0,estandar,Mexico,0,0
68,26,61.0,premium,Argentina,2,0
36,4,100.0,estandar,Chile,0,0
49,39,159.0,basico,Peru,1,0
47,39,141.0,premium,Chile,1,0
46,50,159.0,basico,Chile,2,0
66,35,141.0,basico,Mexico,3,0
62,1,76.0,estandar,Peru,1,1
46,24,107.0,basico,Chile,1,0
47,57,89.0,estandar,Mexico,0,0
33,36,173.0,basico,Peru,4,1
57,6,72.0,estandar,Colombia,0,0
36,41,156.0,basico,Mexico,2,0
35,54,156.0,estandar,Argentina,0,0
18,46,193.0,premium,Peru,0,0
31,44,104.0,basico,Chile,4,1
68,57,148.0,basico,Chile,4,1
64,31,211.0,basico,Argentina,4,1
67,20,95.0,basico,Argentina,1,0
19,24,59.0,estandar,Chile,3,0
45,25,45.0,estandar,Peru,3,0
66,36,149.0,basico,Mexico,0,0
67,21,45.0,basico,Argentina,0,1
47,30,105.0,basico,Argentina,3,0
55,24,137.0,estandar,Argentina,1,0
68,44,127.0,basico,Colombia,4,1
21,42,137.0,premium,Peru,2,0
18,30,129.0,estandar,Peru,0,0
25,22,171.0,basico,Peru,0,0
46,28,82.0,estandar,Peru,1,0
56,7,93.0,premium,Peru,1,0
20,35,89.0,estandar,Chile,1,0
49,55,153.0,basico,Argentina,1,0
27,28,156.0,basico,Chile,0,0
27,14,138.0,premium,Colombia,1,0
36,56,167.0,estandar,Mexico,1,0
63,10,73.0,estandar,Argentina,2,0
51,16,187.0,premium,Colombia,0,0
50,16,181.0,premium,Chile,3,0
40,54,149.0,premium,Mexico,3,0
45,31,191.0,basico,Colombia,0,0
49,42,54.0,estandar,Mexico,2,0
67,25,99.0,estandar,Colombia,5,0
24,13,91.0,estandar,Chile,2,0
46,6,149.0,estandar,Mexico,0,0
25,44,78.0,basico,Colombia,3,1
18,9,150.0,estandar,Chile,0,0
20,45,175.0,estandar,Argentina,1,0
41,36,148.0,basico,Chile,2,0
40,56,131.0,estandar,Chile,0,0
25,43,80.0,basico,Argentina,1,0
64,20,86.0,basico,Chile,2,0
54,18,170.0,basico,Argentina,1,0
20,58,151.0,estandar,Argentina,0,0
68,43,118.0,estandar,Argentina,1,0
50,57,103.0,estandar,Colombia,3,0
45,21,39.0,estandar,Mexico,3,0
64,4,77.0,premium,Colombia,0,1
25,50,196.0,basico,Argentina,5,1
51,33,69.0,basico,Mexico,4,1
52,27,128.0,premium,Mexico,2,0
49,7,160.0,basico,Argentina,0,0
41,6,70.0,premium,Mexico,1,0
31,15,127.0,premium,Mexico,0,0
49,18,158.0,estandar,Colombia,1,0
63,32,120.0,premium,Mexico,1,0
60,56,235.0,basico,Argentina,3,0
33,11,53.0,basico,Peru,1,1
21,20,162.0,estandar,Peru,0,0
69,24,113.0,basico,Peru,1,0
54,15,151.0,premium,Argentina,2,0
38,48,138.0,basico,Peru,0,0
31,7,91.0,estandar,Colombia,2,0
48,21,129.0,estandar,Argentina,0,0
65,42,46.0,estandar,Argentina,1,0
35,26,144.0,basico,Argentina,1,0
24,44,132.0,basico,Mexico,3,0
27,56,146.0,premium,Mexico,1,0
24,14,162.0,basico,Mexico,1,0
50,57,135.0,premium,Chile,2,0
40,37,126.0,estandar,Colombia,4,0
38,58,85.0,estandar,Argentina,2,0
36,21,92.0,estandar,Argentina,1,0
65,18,167.0,basico,Mexico,1,0
36,5,177.0,estandar,Argentina,0,0
53,3,110.0,premium,Argentina,2,0
46,23,122.0,estandar,Peru,2,0
35,26,84.0,premium,Argentina,2,0
19,37,167.0,estandar,Chile,1,0
18,24,147.0,basico,Mexico,2,0
64,49,198.0,basico,Colombia,2,0
22,19,85.0,premium,Colombia,2,0
37,51,105.0,basico,Peru,1,0
28,25,129.0,premium,Colombia,3,0
59,21,146.0,premium,Colombia,3,0
19,12,111.0,basico,Mexico,1,0
20,57,85.0,basico,Mexico,3,0
40,41,155.0,estandar,Chile,2,0
29,33,149.0,basico,Peru,4,1
37,50,83.0,estandar,Colombia,2,0
22,53,174.0,estandar,Chile,3,0
54,4,167.0,estandar,Peru,1,0
55,42,125.0,estandar,Colombia,3,0
47,57,123.0,basico,Colombia,1,0
26,7,142.0,estandar,Mexico,3,0
51,22,86.0,basico,Argentina,0,0
61,55,121.0,basico,Peru,0,0
52,33,34.0,estandar,Colombia,1,0
69,17,155.0,premium,Peru,2,0
39,24,58.0,basico,Chile,1,1
61,34,180.0,estandar,Chile,0,0
41,28,107.0,estandar,Argentina,2,0
34,58,112.0,basico,Colombia,0,0
27,43,95.0,basico,Mexico,3,0
47,41,108.0,premium,Colombia,2,0
63,39,177.0,estandar,Peru,2,0
40,22,20.0,estandar,Chile,1,0
49,49,171.0,estandar,Peru,0,0
34,17,134.0,basico,Argentina,0,0
67,34,72.0,estandar,Chile,1,0
68,6,77.0,estandar,Mexico,2,0
34,46,187.0,estandar,Chile,4,0
31,6,82.0,basico,Colombia,3,0
26,34,74.0,basico,Colombia,3,1
57,1,165.0,basico,Chile,2,1
19,10,134.0,premium,Argentina,1,0
62,21,82.0,estandar,Colombia,0,0
42,5,129.0,estandar,Colombia,2,0
56,2,79.0,basico,Mexico,0,1
26,22,164.0,basico,Chile,4,1
39,48,162.0,estandar,Colombia,2,0
60,57,141.0,estandar,Argentina,0,0
63,2,134.0,estandar,Peru,0,0
21,10,190.0,basico,Chile,1,0
43,34,120.0,estandar,Mexico,1,0
46,16,73.0,basico,Colombia,2,1
62,48,138.0,basico,Argentina,0,0
51,51,203.0,estandar,Chile,0,0
40,39,79.0,basico,Argentina,1,1
54,22,106.0,basico,Argentina,2,0
28,12,137.0,estandar,Mexico,1,0
23,24,118.0,estandar,Chile,3,0
35,47,81.0,premium,Colombia,1,0
38,40,165.0,estandar,Mexico,1,0
59,38,213.0,basico,Colombia,3,0
53,59,128.0,basico,Peru,2,0
58,10,84.0,premium,Argentina,2,0
55,35,58.0,estandar,Peru,1,0
51,51,130.0,estandar,Argentina,3,0
34,49,164.0,basico,Mexico,2,0
54,32,139.0,estandar,Colombia,2,0
42,7,120.0,basico,Colombia,2,0
55,21,96.0,estandar,Mexico,1,0
29,20,76.0,premium,Chile,2,0
40,26,153.0,premium,Peru,1,0
59,4,157.0,estandar,Peru,0,0
39,46,58.0,estandar,Colombia,2,0
38,52,184.0,premium,Colombia,1,0
44,22,143.0,estandar,Colombia,4,0
48,15,176.0,basico,Mexico,2,0
23,56,66.0,estandar,Chile,1,0
44,40,65.0,basico,Peru,0,1
57,21,114.0,estandar,Argentina,0,0
51,15,140.0,estandar,Mexico,2,0
29,22,192.0,estandar,Peru,1,0
62,52,148.0,basico,Chile,1,0
24,28,110.0,basico,Mexico,2,0
27,14,79.0,estandar,Peru,0,0
62,27,169.0,premium,Mexico,4,0
34,41,81.0,estandar,Peru,1,0
43,40,185.0,basico,Peru,0,0
38,58,109.0,premium,Chile,2,0
45,28,184.0,premium,Argentina,0,0
63,26,147.0,basico,Chile,0,0
19,49,115.0,basico,Peru,0,0
60,2,99.0,estandar,Mexico,0,0
18,25,106.0,premium,Chile,4,0
68,56,137.0,premium,Argentina,2,0
53,3,123.0,premium,Peru,4,1
68,8,96.0,estandar,Chile,1,0
43,44,113.0,estandar,Chile,2,0
46,33,123.0,basico,Chile,1,0
38,42,35.0,basico,Chile,0,1
28,52,138.0,estandar,Mexico,1,0
57,35,81.0,estandar,Argentina,2,0
28,6,74.0,estandar,Argentina,2,0
53,39,53.0,estandar,Peru,2,0
66,52,48.0,basico,Colombia,1,1
56,23,66.0,estandar,Mexico,1,0
57,25,92.0,basico,Peru,2,0
52,59,198.0,estandar,Peru,0,0
51,50,99.0,estandar,Chile,0,0
64,43,127.0,estandar,Colombia,1,0
41,19,136.0,premium,Colombia,2,0
39,5,125.0,basico,Mexico,3,1
22,51,117.0,estandar,Colombia,2,0
50,11,72.0,basico,Peru,1,1
53,56,178.0,estandar,Colombia,2,0
64,12,192.0,premium,Colombia,1,0
37,10,53.0,estandar,Argentina,3,0
36,8,79.0,premium,Peru,1,0
52,24,109.0,basico,Colombia,0,0
69,28,81.0,premium,Colombia,1,0
60,41,140.0,basico,Chile,0,0
34,36,91.0,premium,Colombia,3,0
62,37,207.0,basico,Colombia,1,0
60,21,168.0,basico,Argentina,2,0
51,8,129.0,estandar,Peru,1,0
26,55,161.0,premium,Mexico,4,0
43,9,164.0,basico,Peru,0,0
19,47,97.0,basico,Chile,0,0
26,15,87.0,premium,Peru,2,0
26,48,123.0,basico,Colombia,1,0
57,46,154.0,basico,Chile,2,0
34,40,126.0,estandar,Peru,1,0
18,18,57.0,basico,Chile,1,1
42,42,88.0,premium,Mexico,0,0
60,20,117.0,estandar,Peru,2,0
57,6,117.0,estandar,Colombia,1,0
59,12,199.0,premium,Chile,0,0
42,2,65.0,estandar,Argentina,2,1
56,7,140.0,basico,Chile,2,0
52,16,180.0,basico,Argentina,1,0
20,3,211.0,estandar,Colombia,1,0
67,45,104.0,basico,Mexico,2,0
54,3,140.0,premium,Argentina,1,0
61,27,143.0,estandar,Mexico,1,0
61,50,128.0,basico,Chile,2,0
68,43,116.0,estandar,Colombia,0,0
47,40,137.0,estandar,Argentina,3,0
55,38,19.0,premium,Chile,2,0
51,33,147.0,premium,Peru,1,0
29,28,125.0,estandar,Chile,3,0
36,1,111.0,estandar,Mexico,5,1
54,55,202.0,estandar,Colombia,1,0
61,8,93.0,estandar,Colombia,1,0
66,37,104.0,basico,Chile,2,0
34,32,200.0,basico,Peru,2,0
27,48,87.0,estandar,Mexico,0,0
66,43,98.0,basico,Chile,0,0
64,37,114.0,basico,Chile,4,1
29,4,154.0,estandar,Colombia,1,0
33,30,128.0,basico,Mexico,0,0
41,6,68.0,estandar,Peru,0,0
36,46,99.0,estandar,Colombia,2,0
25,54,96.0,premium,Chile,2,0
48,19,117.0,estandar,Colombia,3,0
38,32,137.0,basico,Colombia,1,0
34,9,137.0,estandar,Argentina,2,0
40,12,49.0,premium,Colombia,2,0
54,11,163.0,premium,Colombia,2,0
33,46,130.0,estandar,Mexico,0,0
23,55,175.0,basico,Colombia,1,0
25,16,138.0,premium,Peru,2,0
42,1,164.0,basico,Chile,0,1
35,45,139.0,estandar,Mexico,0,0
42,55,174.0,estandar,Colombia,3,0
29,53,141.0,basico,Peru,2,0
32,21,116.0,basico,Chile,2,0
43,30,211.0,basico,Mexico,1,0
58,13,156.0,estandar,Peru,1,0
62,34,143.0,premium,Colombia,0,0
43,4,69.0,basico,Argentina,3,1
64,28,68.0,premium,Argentina,1,0
49,38,132.0,basico,Mexico,0,0
27,58,126.0,estandar,Peru,3,0
33,31,95.0,basico,Chile,1,0
24,59,126.0,premium,Peru,2,0
34,55,184.0,estandar,Argentina,1,0
40,27,148.0,estandar,Mexico,0,0
43,5,74.0,premium,Colombia,2,1
38,25,116.0,estandar,Peru,0,0
39,3,88.0,premium,Argentina,1,0
24,33,104.0,estandar,Chile,1,0
31,4,103.0,premium,Mexico,1,0
32,25,101.0,estandar,Colombia,1,0
24,20,70.0,basico,Peru,1,1
26,34,115.0,estandar,Chile,0,0
68,26,98.0,basico,Colombia,5,1
65,5,10.0,estandar,Argentina,0,1
25,35,202.0,estandar,Argentina,0,0
67,28,164.0,estandar,Chile,3,0
40,29,105.0,basico,Argentina,1,0
46,9,121.0,basico,Mexico,3,0
35,52,73.0,estandar,Chile,2,0
48,38,188.0,premium,Argentina,2,0
47,50,196.0,basico,Peru,1,0
69,6,126.0,estandar,Argentina,2,0
56,19,161.0,estandar,Mexico,0,0
52,44,127.0,estandar,Colombia,1,0
35,57,67.0,basico,Colombia,0,1
59,11,104.0,estandar,Argentina,1,0
56,2,125.0,basico,Colombia,0,1
34,47,102.0,premium,Argentina,1,0
31,44,111.0,basico,Mexico,1,0
48,44,116.0,basico,Colombia,3,0
41,9,117.0,basico,Peru,0,0
52,21,122.0,basico,Argentina,0,0
61,24,78.0,estandar,Colombia,2,0
62,34,91.0,basico,Mexico,1,0
51,22,69.0,basico,Mexico,4,1
20,3,159.0,estandar,Peru,0,0
54,12,36.0,basico,Mexico,1,1
60,28,166.0,basico,Mexico,2,0
57,30,175.0,premium,Colombia,4,0
43,26,108.0,estandar,Argentina,3,0
40,48,16.0,premium,Chile,1,0
61,21,106.0,premium,Mexico,1,0
56,28,117.0,estandar,Mexico,2,0
32,56,80.0,basico,Chile,0,0
66,26,99.0,estandar,Mexico,1,0
21,33,181.0,premium,Colombia,0,0
46,21,147.0,estandar,Colombia,1,0
39,35,83.0,estandar,Chile,0,0
42,52,56.0,basico,Mexico,4,1
30,34,107.0,premium,Mexico,1,0
35,41,111.0,estandar,Argentina,5,0
50,51,140.0,premium,Mexico,1,0
33,47,99.0,basico,Colombia,0,0
62,18,140.0,basico,Peru,2,0
59,58,197.0,basico,Peru,1,0
61,11,153.0,estandar,Peru,2,0
19,57,118.0,basico,Peru,3,0
52,23,113.0,basico,Mexico,2,0
59,48,106.0,premium,Mexico,0,0
51,22,167.0,basico,Argentina,1,0
47,17,95.0,premium,Mexico,2,0
30,5,122.0,basico,Peru,0,1
30,44,122.0,premium,Chile,0,0
35,11,100.0,estandar,Chile,4,0
49,30,65.0,premium,Colombia,1,0
49,15,133.0,premium,Colombia,2,0
52,27,118.0,basico,Mexico,2,0
56,35,140.0,basico,Chile,0,0
63,33,99.0,basico,Peru,2,0
69,20,169.0,estandar,Peru,3,0
46,16,85.0,premium,Peru,2,0
66,34,188.0,estandar,Mexico,2,0
46,2,50.0,estandar,Mexico,0,1
61,35,137.0,basico,Argentina,0,0
33,40,139.0,premium,Peru,3,0
61,56,88.0,premium,Peru,1,0
64,28,137.0,basico,Mexico,1,0
27,47,171.0,estandar,Mexico,1,0
47,39,31.0,basico,Argentina,2,1
42,6,140.0,estandar,Argentina,3,0
56,9,20.0,estandar,Colombia,2,0
37,20,81.0,basico,Chile,1,0
22,1,185.0,estandar,Peru,0,0
18,8,97.0,basico,Peru,0,0
47,55,73.0,estandar,Argentina,1,0
66,23,112.0,estandar,Argentina,2,0
20,3,203.0,basico,Colombia,2,1
62,4,47.0,estandar,Chile,2,1
31,58,78.0,estandar,Colombia,0,0
47,25,180.0,basico,Chile,3,0
67,47,194.0,basico,Peru,2,0
21,38,116.0,estandar,Colombia,3,0
35,15,70.0,premium,Argentina,1,0
54,21,204.0,basico,Colombia,2,0
42,35,184.0,basico,Colombia,1,0
65,57,147.0,basico,Peru,2,0
18,53,88.0,estandar,Argentina,1,0
63,53,118.0,basico,Argentina,2,0
32,46,114.0,basico,Mexico,0,0
26,52,133.0,estandar,Mexico,0,0
32,14,178.0,estandar,Mexico,2,0
66,36,155.0,basico,Peru,0,0
41,12,77.0,estandar,Colombia,0,0
21,17,175.0,estandar,Argentina,2,0
29,39,133.0,basico,Argentina,1,0
54,9,147.0,basico,Colombia,6,1
54,35,179.0,premium,Argentina,1,0
60,13,76.0,basico,Colombia,1,1
23,15,119.0,estandar,Peru,0,0
56,18,99.0,premium,Peru,1,0
63,51,57.0,basico,Peru,1,1
41,33,134.0,basico,Colombia,4,1
28,6,220.0,estandar,Colombia,0,0
30,59,46.0,premium,Chile,1,0
51,27,119.0,premium,Argentina,0,0
42,23,146.0,estandar,Argentina,1,0
24,59,125.0,basico,Chile,1,0
69,27,115.0,estandar,Chile,0,0
21,34,68.0,estandar,Peru,0,0
25,56,129.0,estandar,Chile,0,0
37,46,90.0,basico,Colombia,2,0
46,38,32.0,basico,Mexico,1,1
68,14,168.0,estandar,Colombia,1,0
62,36,158.0,estandar,Chile,2,0
63,53,122.0,basico,Argentina,4,1
27,8,129.0,basico,Colombia,2,0
60,35,163.0,premium,Argentina,0,0
51,19,129.0,estandar,Colombia,1,0
43,30,156.0,basico,Argentina,1,0
58,14,108.0,basico,Colombia,4,1
66,59,172.0,basico,Argentina,0,0
20,20,133.0,premium,Mexico,1,0
23,49,128.0,estandar,Peru,1,0
22,25,69.0,estandar,Colombia,2,0
22,40,131.0,estandar,Mexico,1,0
64,24,87.0,basico,Peru,5,1
40,14,94.0,premium,Colombia,2,0
66,26,87.0,estandar,Mexico,0,0
26,38,77.0,basico,Mexico,1,1
52,23,205.0,basico,Mexico,2,0
37,22,173.0,estandar,Chile,1,0
66,48,197.0,premium,Argentina,1,0
59,57,71.0,basico,Peru,1,1
52,19,123.0,premium,Argentina,0,0
67,46,68.0,estandar,Argentina,0,0
35,51,92.0,basico,Argentina,0,0
34,3,83.0,basico,Mexico,3,1
41,42,170.0,basico,Argentina,0,0
20,19,104.0,estandar,Chile,1,0
49,9,163.0,basico,Colombia,2,0
52,28,144.0,basico,Mexico,1,0
55,20,212.0,estandar,Peru,1,0
30,45,61.0,estandar,Colombia,1,0
64,7,170.0,basico,Colombia,1,0
42,14,166.0,estandar,Colombia,1,0
26,9,81.0,estandar,Argentina,2,0
21,59,160.0,estandar,Argentina,2,0
31,55,133.0,premium,Mexico,1,0
54,57,111.0,basico,Argentina,1,0
51,19,87.0,premium,Argentina,2,0
28,47,91.0,estandar,Argentina,1,0
58,52,202.0,estandar,Mexico,2,0
20,14,120.0,estandar,Mexico,1,0
45,56,151.0,estandar,Chile,3,0
46,38,88.0,basico,Chile,2,0
26,53,89.0,estandar,Chile,1,0
20,36,163.0,estandar,Chile,2,0
42,40,66.0,estandar,Colombia,4,1
51,17,103.0,basico,Colombia,0,0
29,30,121.0,premium,Chile,3,0
59,9,124.0,estandar,Chile,1,0
26,33,113.0,basico,Peru,3,0
32,56,136.0,estandar,Colombia,0,0
57,52,148.0,estandar,Peru,0,0
42,25,149.0,estandar,Peru,1,0
22,14,81.0,estandar,Argentina,4,0
28,11,109.0,premium,Mexico,2,0
51,53,168.0,basico,Colombia,3,0
41,35,156.0,estandar,Chile,2,0
32,41,65.0,premium,Chile,4,1
55,59,134.0,premium,Mexico,5,0
25,14,41.0,estandar,Colombia,2,0
22,30,122.0,premium,Chile,1,0
65,41,196.0,basico,Chile,2,0
43,4,82.0,premium,Argentina,2,0
35,59,87.0,basico,Peru,1,0
23,4,151.0,basico,Chile,3,1
54,28,58.0,basico,Colombia,2,1
65,8,95.0,estandar,Mexico,3,0
30,2,144.0,basico,Argentina,0,1
45,41,95.0,basico,Colombia,1,0
22,46,111.0,basico,Argentina,1,0
30,22,150.0,basico,Peru,1,0
34,41,137.0,estandar,Chile,1,0
67,56,131.0,estandar,Colombia,0,0
57,55,106.0,basico,Mexico,1,0
62,16,135.0,estandar,Peru,3,0
49,29,115.0,premium,Peru,4,0
46,49,138.0,estandar,Argentina,1,0
68,48,100.0,basico,Peru,0,0
20,30,113.0,estandar,Colombia,1,0
57,12,80.0,basico,Argentina,0,0
51,35,119.0,basico,Peru,1,0
57,11,88.0,basico,Mexico,2,0
44,46,75.0,premium,Colombia,3,0
30,50,130.0,basico,Mexico,2,0
62,21,129.0,basico,Mexico,0,0
50,21,151.0,basico,Argentina,0,0
23,5,103.0,premium,Chile,1,0
41,48,136.0,estandar,Argentina,1,0
36,20,142.0,basico,Colombia,4,1
33,37,138.0,estandar,Colombia,1,0
57,3,87.0,estandar,Argentina,2,0
45,44,126.0,estandar,Chile,0,0
50,33,135.0,basico,Argentina,3,0
65,53,120.0,premium,Colombia,1,0
58,9,37.0,basico,Chile,1,1
30,9,126.0,estandar,Colombia,2,0
60,4,209.0,basico,Chile,3,1
62,35,106.0,basico,Chile,0,0
42,17,91.0,basico,Argentina,3,0
59,34,135.0,estandar,Argentina,4,0
53,24,132.0,basico,Argentina,5,1
44,32,168.0,estandar,Chile,0,0
55,1,70.0,basico,Chile,0,1
24,8,149.0,estandar,Colombia,0,0
22,45,144.0,premium,Mexico,0,0
60,23,114.0,estandar,Argentina,1,0
62,47,134.0,estandar,Colombia,1,0
68,40,161.0,estandar,Colombia,0,0
48,12,155.0,basico,Peru,0,0
40,54,74.0,premium,Argentina,2,0
59,12,153.0,basico,Colombia,3,0
27,46,117.0,estandar,Peru,3,0
49,47,123.0,estandar,Argentina,0,0
60,15,123.0,basico,Chile,4,1
47,41,114.0,basico,Peru,2,0
56,19,168.0,estandar,Chile,1,0
48,26,117.0,premium,Mexico,0,0
35,52,75.0,premium,Mexico,2,0
53,29,104.0,estandar,Mexico,1,0
19,22,127.0,estandar,Mexico,2,0
31,40,169.0,premium,Colombia,3,0
30,21,144.0,basico,Mexico,2,0
46,51,86.0,basico,Colombia,4,1
29,38,219.0,estandar,Colombia,2,0
56,20,131.0,premium,Argentina,0,0
19,57,171.0,premium,Colombia,2,0
49,29,114.0,estandar,Colombia,0,0
30,51,141.0,basico,Mexico,3,0
63,4,154.0,estandar,Colombia,0,0
44,55,169.0,basico,Chile,1,0
66,7,162.0,basico,Mexico,0,0
58,28,155.0,estandar,Peru,2,0
34,28,107.0,basico,Mexico,0,0
57,4,97.0,premium,Colombia,1,0
48,22,133.0,estandar,Chile,0,0
51,12,157.0,estandar,Mexico,1,0
41,45,111.0,basico,Chile,3,0
62,3,163.0,basico,Peru,2,1
52,22,178.0,basico,Peru,0,0
65,44,83.0,premium,Argentina,1,0
23,2,87.0,premium,Argentina,2,0
36,24,114.0,estandar,Mexico,1,0
47,34,132.0,basico,Argentina,1,0
24,27,99.0,premium,Chile,1,0
27,55,174.0,basico,Argentina,0,0
58,41,137.0,basico,Chile,1,0
49,1,122.0,estandar,Argentina,0,0
51,8,63.0,premium,Argentina,0,0
45,23,67.0,basico,Argentina,2,1
32,38,131.0,basico,Colombia,1,0
47,6,35.0,premium,Colombia,2,0
54,22,161.0,basico,Argentina,2,0
46,25,114.0,basico,Chile,1,0
39,18,250.0,estandar,Mexico,2,0
21,17,212.0,premium,Peru,0,0
37,12,113.0,estandar,Colombia,0,0
49,6,116.0,premium,Argentina,5,0
53,26,160.0,estandar,Peru,0,0
67,27,188.0,basico,Colombia,0,0
21,8,54.0,premium,Mexico,1,0
44,19,49.0,estandar,Chile,0,0
34,42,95.0,basico,Argentina,0,0
29,1,143.0,estandar,Mexico,0,0
39,57,140.0,basico,Colombia,1,0
34,29,163.0,basico,Argentina,2,0
27,45,72.0,basico,Peru,0,1
18,49,27.0,estandar,Chile,1,0
39,35,154.0,premium,Colombia,1,0
43,40,87.0,estandar,Chile,2,0
35,14,39.0,premium,Argentina,1,0
67,35,126.0,basico,Mexico,1,0
31,48,152.0,basico,Chile,3,0
64,45,115.0,basico,Peru,1,0
46,20,102.0,basico,Colombia,0,0
29,56,114.0,basico,Peru,0,0
53,49,105.0,estandar,Chile,0,0
52,13,66.0,premium,Mexico,2,0
69,38,91.0,premium,Mexico,5,0
29,49,141.0,basico,Peru,4,1
24,46,133.0,premium,Argentina,1,0
46,49,127.0,basico,Argentina,0,0
28,8,80.0,basico,Mexico,3,0
50,43,113.0,premium,Peru,3,0
23,20,33.0,estandar,Peru,2,0
64,33,127.0,basico,Peru,0,0
32,26,177.0,estandar,Chile,1,0
49,39,61.0,basico,Argentina,1,1
68,21,97.0,estandar,Argentina,2,0
28,53,133.0,estandar,Chile,4,0
40,49,170.0,premium,Colombia,1,0
43,42,102.0,basico,Chile,1,0
51,43,92.0,basico,Peru,1,0
63,54,41.0,estandar,Chile,2,0
51,41,124.0,estandar,Peru,2,0
46,9,202.0,basico,Mexico,3,0
21,24,131.0,estandar,Peru,0,0
34,37,119.0,premium,Argentina,0,0
52,49,133.0,premium,Chile,3,0
30,41,120.0,premium,Peru,0,0
58,17,87.0,premium,Colombia,2,0
56,24,153.0,estandar,Mexico,1,0
32,21,129.0,premium,Colombia,1,0
46,51,121.0,basico,Colombia,1,0
46,59,81.0,basico,Colombia,1,0
28,39,172.0,basico,Mexico,0,0
69,55,147.0,estandar,Mexico,2,0
49,41,98.0,basico,Mexico,3,0
19,39,160.0,premium,Mexico,3,0
64,13,100.0,basico,Colombia,1,0
31,11,89.0,basico,Argentina,2,0
37,46,90.0,estandar,Argentina,2,0
39,19,49.0,basico,Mexico,2,1
28,11,139.0,basico,Chile,1,0
44,13,47.0,basico,Peru,3,1
20,46,71.0,estandar,Chile,1,0
34,45,37.0,estandar,Chile,1,0
61,1,117.0,estandar,Chile,1,0
45,40,114.0,estandar,Argentina,1,0
46,44,107.0,estandar,Peru,3,0
38,19,78.0,basico,Chile,1,1
64,12,73.0,basico,Mexico,3,1
33,8,139.0,estandar,Argentina,4,0
54,8,98.0,basico,Mexico,1,0
37,53,133.0,basico,Mexico,2,0
23,45,85.0,estandar,Chile,0,0
36,12,127.0,estandar,Mexico,3,0
22,48,172.0,basico,Peru,1,0
20,33,143.0,basico,Mexico,2,0
18,45,104.0,premium,Chile,1,0
55,26,130.0,premium,Mexico,2,0
32,39,110.0,estandar,Argentina,1,0
51,28,120.0,estandar,Argentina,4,0
52,58,107.0,estandar,Argentina,1,0
66,5,113.0,premium,Colombia,1,0
42,8,128.0,premium,Argentina,1,0
41,25,80.0,basico,Argentina,2,0
29,27,79.0,premium,Colombia,0,0
35,46,64.0,basico,Argentina,1,1
32,23,56.0,basico,Chile,2,1
61,30,71.0,estandar,Argentina,1,0
33,45,126.0,estandar,Argentina,1,0
44,47,84.0,premium,Colombia,3,0
25,23,141.0,basico,Chile,1,0
63,49,121.0,estandar,Mexico,1,0
42,47,41.0,premium,Peru,1,0
34,20,146.0,premium,Chile,4,0
46,18,152.0,basico,Mexico,0,0
25,18,80.0,basico,Chile,2,0
32,2,137.0,estandar,Mexico,4,1
44,4,86.0,basico,Mexico,0,1
63,30,124.0,premium,Chile,2,0
67,33,69.0,premium,Colombia,1,0
69,36,48.0,basico,Chile,0,1
24,18,105.0,basico,Chile,1,0
20,37,115.0,basico,Mexico,0,0
